[
  {
     "codAduana":"019",
     "puestosControl":[
        {
           "codigo":"0202",
           "descripcion":"Sección Acciones Operativas (Carpitas)"
        }
     ]
  },
  {
     "codAduana":"172",
     "puestosControl":[
        {
           "codigo":"0202",
           "descripcion":"Sección Acciones Operativas (Tomasiri)"
        },
        {
           "codigo":"0201",
           "descripcion":"Vila Vila"
        }
     ]
  },
  {
     "codAduana":"181",
     "puestosControl":[
        {
           "codigo":"0205",
           "descripcion":"Ojherani"
        },
        {
           "codigo":"0203",
           "descripcion":"Sección Atención Fronteriza (Desaguadero)"
        }
     ]
  }
]
