[
  {"codigo":"01","descripcion":"Venta"},
  {"codigo":"02","descripcion":"Venta sujeta a confirmaci\u00f3n del comprador"},
  {"codigo":"03","descripcion":"Compra"},
  {"codigo":"04","descripcion":"Consignaci\u00f3n"},
  {"codigo":"05","descripcion":"Devoluci\u00f3n"},
  {"codigo":"06","descripcion":"Traslado entre establecimiento de misma empresa"},
  {"codigo":"07","descripcion":"Traslado de bienes para transformaci\u00f3n"},
  {"codigo":"08","descripcion":"Recojo de bienes transformados"},
  {"codigo":"09","descripcion":"Traslado de emisor itinerante de comprobante de pago"},
  {"codigo":"10","descripcion":"Traslado zona primaria"},
  {"codigo":"11","descripcion":"Importaci\u00f3n"},
  {"codigo":"12","descripcion":"Exportaci\u00f3n"},
  {"codigo":"13","descripcion":"Otros"}
]
